{"name":"Game","created":"2016-02-01T17:42:38.341Z","settings":{"physics":{"gravity":[0,-9.8,0]},"render":{"fog_end":1000,"tonemapping":0,"skybox":null,"fog_density":0.01,"gamma_correction":1,"exposure":1,"fog_start":1,"global_ambient":[0.2,0.2,0.2],"skyboxIntensity":1,"fog_color":[0,0,0],"fog":"none","skyboxMip":0,"lightmapSizeMultiplier":16,"lightmapMaxResolution":2048,"lightmapMode":0,"skyboxRotation":[0,0,0],"lightmapFilterEnabled":false,"lightmapFilterRange":10,"lightmapFilterSmoothness":0.2,"ambientBake":false,"ambientBakeNumSamples":1,"ambientBakeSpherePart":0.4,"ambientBakeOcclusionBrightness":0,"ambientBakeOcclusionContrast":0,"clusteredLightingEnabled":true,"lightingCells":[10,3,10],"lightingMaxLightsPerCell":255,"lightingCookieAtlasResolution":2048,"lightingShadowAtlasResolution":2048,"lightingShadowType":0,"lightingCookiesEnabled":false,"lightingAreaLightsEnabled":false,"lightingShadowsEnabled":true},"priority_scripts":[]},"entities":{"! #":{"a":null,"#":null,"$":"! #","b":[],"%":["! ?","!  ","! +","! !","! @","! A"],"!":"Root"," ":true,"&":{},"'":[],"___2":0},"! ?":{"a":null,"#":"! #","$":"! ?","b":[],"%":[],"!":"Camera"," ":true,"&":{"9":{" ":true,":":["cameraAspect"],";":{"|":{"8":{}," ":true}}},"p":{"q":1,"r":2,"s":[0,0,1,1],"t":0,"u":45,"v":false,"w":[0,0,0,1]," ":true,"x":1.28,"y":0,"z":true,"{":false,"*":[1000]}},"'":[],"___1":[39,0,3]},"!  ":{"!":"Game"," ":true,"$":"!  ","#":"! #","%":["! B","! ,","! -","! C","! D","! E"],"&":{"9":{" ":true,":":["game","input"],";":{"!&":{"8":{}," ":true},"!'":{"8":{}," ":true}}},"}":{" ":true,"R":1,"S":1,"~":false,"! ":1,"!!":10000,"!#":1,"!$":"linear","!%":{"k":{"!":"Point","A":false,"=":false,"T":false,"U":128562678,"V":0,">":null,"R":1,"S":1},"l":{"!":"Swoosh","A":false,"=":false,"T":false,"U":128562680,"V":0,">":null,"R":1,"S":1},"m":{"!":"Flap","A":false,"=":false,"T":false,"U":128562690,"V":0,">":null,"R":1,"S":1},"n":{"!":"Hit","A":false,"=":false,"T":false,"U":128562719,"V":0,">":null,"R":1,"S":1},"o":{"!":"Die","A":false,"=":false,"T":false,"U":128562720,"V":0,">":null,"R":1,"S":1}}}},"'":[],"___2":0},"! B":{"!":"Background","'":[]," ":true,"$":"! B","#":"!  ","%":[],"&":{"+":{"0":1,"1":false,"2":false,"3":0,"4":null,"5":0,"6":null,"7":{}," ":true,",":"simple","-":1,".":1,"/":[1,1,1],"(":128562687,")":1,"*":[1000]}},"___2":0},"! ,":{"!":"Pipes"," ":true,"$":"! ,","#":"!  ","%":["! .","! /","! 0"],"&":{"9":{" ":true,":":["scroll","pipeHeight"],";":{"c":{"8":{"?":"pipes:start","@":"pipes:stop","d":"pipes:reset","e":"pipes:cycle","f":0.4,"g":-0.4,")":-0.01,"h":true}," ":true},"!(":{"8":{}," ":true}}}},"'":[],"___1":[42,0,3]},"! .":{"!":"Pipe 1"," ":true,"$":"! .","#":"! ,","%":["! F","! G"],"&":{"9":{" ":true,":":["addToScore"],";":{"i":{"8":{"[":"! -"}," ":true}}}},"'":[],"___1":[45,0,3]},"! F":{"!":"Pipe Bottom"," ":true,"$":"! F","#":"! .","%":[],"&":{"+":{"0":1,"1":false,"2":false,"3":0,"4":null,"5":1,"6":null,"7":{}," ":true,",":"simple","-":1,".":1,"/":[1,1,1],"(":128562694,")":1,"*":[1000]}},"'":["pipe"],"___1":[9,0,3]},"! G":{"!":"Pipe Top"," ":true,"$":"! G","#":"! .","%":[],"&":{"+":{"0":1,"1":false,"2":false,"3":0,"4":null,"5":1,"6":null,"7":{}," ":true,",":"simple","-":1,".":1,"/":[1,1,1],"(":128562679,")":1,"*":[1000]}},"'":["pipe"],"___1":[12,0,3]},"! /":{"!":"Pipe 2"," ":true,"$":"! /","#":"! ,","%":["! H","! I"],"&":{"9":{" ":true,":":["addToScore"],";":{"i":{"8":{"[":"! -"}," ":true}}}},"'":[],"___2":0},"! H":{"!":"Pipe Bottom"," ":true,"$":"! H","#":"! /","%":[],"&":{"+":{"0":1,"1":false,"2":false,"3":0,"4":null,"5":1,"6":null,"7":{}," ":true,",":"simple","-":1,".":1,"/":[1,1,1],"(":128562694,")":1,"*":[1000]}},"'":["pipe"],"___1":[9,0,3]},"! I":{"!":"Pipe Top"," ":true,"$":"! I","#":"! /","%":[],"&":{"+":{"0":1,"1":false,"2":false,"3":0,"4":null,"5":1,"6":null,"7":{}," ":true,",":"simple","-":1,".":1,"/":[1,1,1],"(":128562679,")":1,"*":[1000]}},"'":["pipe"],"___1":[12,0,3]},"! 0":{"!":"Pipe 3"," ":true,"$":"! 0","#":"! ,","%":["! J","! K"],"&":{},"'":[],"___1":[48,0,3]},"! J":{"!":"Pipe Bottom"," ":true,"$":"! J","#":"! 0","%":[],"&":{"+":{"0":1,"1":false,"2":false,"3":0,"4":null,"5":1,"6":null,"7":{}," ":true,",":"simple","-":1,".":1,"/":[1,1,1],"(":128562694,")":1,"*":[1000]}},"'":[],"___1":[9,0,3]},"! K":{"!":"Pipe Top"," ":true,"$":"! K","#":"! 0","%":[],"&":{"+":{"0":1,"1":false,"2":false,"3":0,"4":null,"5":1,"6":null,"7":{}," ":true,",":"simple","-":1,".":1,"/":[1,1,1],"(":128562679,")":1,"*":[1000]}},"'":[],"___1":[12,0,3]},"! -":{"!":"Bird"," ":false,"$":"! -","#":"!  ","%":[],"&":{"9":{" ":true,":":["bird"],";":{"[":{"8":{"!)":1.55,"!*":5,"!+":-0.65,"j":0.068}," ":true}}},"+":{"0":1,"1":false,"2":false,"3":0,"4":null,"5":2,"6":"Flap","7":{"Z":{"!":"Flap","]":10,"A":true,"(":128562714}}," ":true,",":"animated","-":1,".":1,"/":[1,1,1],"(":128562714,")":1,"*":[1000]}},"'":[],"___1":[51,0,3]},"! C":{"!":"Ground","'":[]," ":true,"$":"! C","#":"!  ","%":[],"&":{"9":{" ":true,":":["scroll"],";":{"c":{"8":{"?":"ground:start","@":"ground:stop","d":"ground:reset","e":"ground:cycle","f":0.035,"g":-0.035,")":-0.01,"h":false}," ":true}}},"+":{"0":1,"1":false,"2":false,"3":0,"4":null,"5":3,"6":null,"7":{}," ":true,",":"simple","-":1,".":1,"/":[1,1,1],"(":128562692,")":1,"*":[1000]}},"___1":[24,0,3]},"! +":{"!":"UI"," ":true,"$":"! +","#":"! #","%":["! $","! %","! &"],"&":{},"'":[],"___2":0},"! $":{"!":"Menu Screen"," ":true,"$":"! $","#":"! +","%":["! 1","! L","! M","! N","! O"],"&":{},"'":[],"___2":0},"! 1":{"!":"Logo"," ":true,"$":"! 1","#":"! $","%":["! P","! Q"],"&":{"9":{" ":true,":":["tween"],";":{"N":{"8":{"O":[{"=":true,"<":"","B":"localPosition","C":[0,0.02,0,0],"D":[0,-0.02,0,0],"E":5,"F":2,"G":0,">":500,"H":-1,"I":0,"J":true,"?":"","@":"","K":"","L":"","M":""}]}," ":true}}}},"'":[],"___2":0},"! P":{"!":"Flappy Bird"," ":true,"$":"! P","#":"! 1","%":[],"&":{"+":{"0":1,"1":false,"2":false,"3":0,"4":null,"5":4,"6":null,"7":{}," ":true,",":"simple","-":1,".":1,"/":[1,1,1],"(":128562710,")":1,"*":[1000]}},"'":[],"___1":[54,0,3]},"! Q":{"!":"Bird"," ":true,"$":"! Q","#":"! 1","%":[],"&":{"+":{"0":1,"1":false,"2":false,"3":0,"4":null,"5":4,"6":"Flap","7":{"Z":{"!":"Flap","]":10,"A":true,"(":128562714}}," ":true,",":"animated","-":1,".":1,"/":[1,1,1],"(":128562714,")":1,"*":[1000]}},"'":[],"___1":[57,0,3]},"! L":{"!":"Start Button"," ":true,"$":"! L","#":"! $","%":[],"&":{"9":{" ":true,":":["button"],";":{"P":{"8":{"Q":0.00391,"<":"game:getready"}," ":true}}},"+":{"0":1,"1":false,"2":false,"3":0,"4":null,"5":4,"6":null,"7":{}," ":true,",":"simple","-":1,".":1,"/":[1,1,1],"(":128562705,")":1,"*":[1000]}},"'":[],"___1":[27,0,3]},"! M":{"!":"Score Button"," ":true,"$":"! M","#":"! $","%":[],"&":{"9":{" ":true,":":["button"],";":{"P":{"8":{"Q":0.00391,"<":"game:leaderboard"}," ":true}}},"+":{"0":1,"1":false,"2":false,"3":0,"4":null,"5":4,"6":null,"7":{}," ":true,",":"simple","-":1,".":1,"/":[1,1,1],"(":128562703,")":1,"*":[1000]}},"'":[],"___1":[30,0,3]},"! N":{"!":"Rate Button"," ":false,"$":"! N","#":"! $","%":[],"&":{"+":{"0":1,"1":false,"2":false,"3":0,"4":null,"5":4,"6":null,"7":{}," ":true,",":"simple","-":1,".":1,"/":[1,1,1],"(":128562702,")":1,"*":[1000]}},"'":[],"___1":[60,0,3]},"! O":{"!":"Copyright"," ":true,"$":"! O","#":"! $","%":[],"&":{"+":{"0":1,"1":false,"2":false,"3":0,"4":null,"5":4,"6":null,"7":{}," ":true,",":"simple","-":1,".":1,"/":[1,1,1],"(":128562717,")":1,"*":[1000]}},"'":[],"___1":[63,0,3]},"! %":{"!":"Game Screen"," ":false,"$":"! %","#":"! +","%":["! R","! S","! '","! T","! U"],"&":{},"'":[],"___2":0},"! R":{"!":"Pause Button"," ":true,"$":"! R","#":"! %","%":[],"&":{"9":{" ":true,":":["button"],";":{"P":{"8":{"Q":0.00391,"<":"game:pause"}," ":true}}},"+":{"0":1,"1":false,"2":false,"3":0,"4":null,"5":4,"6":null,"7":{}," ":true,",":"simple","-":1,".":1,"/":[1,1,1],"(":128562706,")":1,"*":[1000]}},"'":[],"___1":[33,0,3]},"! S":{"!":"Play Button"," ":false,"$":"! S","#":"! %","%":[],"&":{"9":{" ":true,":":["button"],";":{"P":{"8":{"Q":0.00391,"<":"game:unpause"}," ":true}}},"+":{"0":1,"1":false,"2":false,"3":0,"4":null,"5":4,"6":null,"7":{}," ":true,",":"simple","-":1,".":1,"/":[1,1,1],"(":128562707,")":1,"*":[1000]}},"'":[],"___1":[33,0,3]},"! '":{"!":"Score"," ":true,"$":"! '","#":"! %","%":["! 2","! 3","! 4","! 5"],"&":{"9":{" ":true,":":["score"],";":{"^":{"8":{"!":"score","_":[128562665,128562671,128562686,128562672,128562691,128562708,128562668,128562688,128562669,128562670],"`":["! 2","! 3","! 4","! 5"]}," ":true}}}},"'":[],"___1":[66,0,3]},"! 2":{"!":"Digit 0"," ":true,"$":"! 2","#":"! '","%":[],"&":{"+":{"0":1,"1":false,"2":false,"3":0,"4":null,"5":4,"6":null,"7":{}," ":true,",":"simple","-":1,".":1,"/":[1,1,1],"(":null,")":1,"*":[1000]}},"'":[],"___1":[15,0,3]},"! 3":{"!":"Digit 1"," ":true,"$":"! 3","#":"! '","%":[],"&":{"+":{"0":1,"1":false,"2":false,"3":0,"4":null,"5":4,"6":null,"7":{}," ":true,",":"simple","-":1,".":1,"/":[1,1,1],"(":null,")":1,"*":[1000]}},"'":[],"___1":[18,0,3]},"! 4":{"!":"Digit 2"," ":true,"$":"! 4","#":"! '","%":[],"&":{"+":{"0":1,"1":false,"2":false,"3":0,"4":null,"5":4,"6":null,"7":{}," ":true,",":"simple","-":1,".":1,"/":[1,1,1],"(":null,")":1,"*":[1000]}},"'":[],"___1":[21,0,3]},"! 5":{"!":"Digit 3"," ":true,"$":"! 5","#":"! '","%":[],"&":{"+":{"0":1,"1":false,"2":false,"3":0,"4":null,"5":4,"6":null,"7":{}," ":true,",":"simple","-":1,".":1,"/":[1,1,1],"(":null,")":1,"*":[1000]}},"'":[],"___2":0},"! T":{"!":"Get Ready"," ":true,"$":"! T","#":"! %","%":[],"&":{"9":{" ":true,":":["tween","enable"],";":{"N":{"8":{"O":[{"=":false,"<":"ui:fadegetready","B":"sprite.opacity","C":[1,0,0,0],"D":[0,0,0,0],"E":0,"F":1,"G":0,">":250,"H":1,"I":0,"J":true,"?":"","@":"","K":"","L":"","M":"disable:getready"}]}," ":true},"W":{"8":{"X":"game:getready","Y":"disable:getready"}," ":true}}},"+":{"0":1,"1":false,"2":false,"3":0,"4":null,"5":4,"6":null,"7":{}," ":true,",":"simple","-":1,".":1,"/":[1,1,1],"(":128562693,")":1,"*":[1000]}},"'":[],"___1":[69,0,3]},"! U":{"!":"Tap"," ":true,"$":"! U","#":"! %","%":[],"&":{"9":{" ":true,":":["tween","enable"],";":{"N":{"8":{"O":[{"=":false,"<":"ui:fadegetready","B":"sprite.opacity","C":[1,0,0,0],"D":[0,0,0,0],"E":0,"F":1,"G":0,">":250,"H":1,"I":0,"J":true,"?":"","@":"","K":"","L":"","M":"disable:tap"}]}," ":true},"W":{"8":{"X":"game:getready","Y":"disable:tap"}," ":true}}},"+":{"0":1,"1":false,"2":false,"3":0,"4":null,"5":4,"6":null,"7":{}," ":true,",":"simple","-":1,".":1,"/":[1,1,1],"(":128562674,")":1,"*":[1000]}},"'":[],"___1":[72,0,3]},"! &":{"!":"Game Over Screen"," ":false,"$":"! &","#":"! +","%":["! V","! W","! X","! Y","! ("],"&":{},"'":[],"___2":0},"! V":{"!":"Game Over"," ":true,"$":"! V","#":"! &","%":[],"&":{"9":{" ":true,":":["tween"],";":{"N":{"8":{"O":[{"=":false,"<":"ui:fadeingameover","B":"localPosition","C":[0,0.5,0,0],"D":[0,0.42,0,0],"E":9,"F":0,"G":500,">":300,"H":0,"I":0,"J":false,"?":"","@":"","K":"","L":"","M":""},{"=":false,"<":"ui:fadeingameover","B":"sprite.opacity","C":[0,0,0,0],"D":[1,0,0,0],"E":0,"F":0,"G":500,">":300,"H":0,"I":0,"J":false,"?":"","@":"","K":"","L":"","M":""}]}," ":true}}},"+":{"0":1,"1":false,"2":false,"3":0,"4":null,"5":4,"6":null,"7":{}," ":true,",":"simple","-":1,".":1,"/":[1,1,1],"(":128562711,")":1,"*":[1000]}},"'":[],"___1":[75,0,3]},"! W":{"!":"OK Button"," ":true,"$":"! W","#":"! &","%":[],"&":{"9":{" ":true,":":["button"],";":{"P":{"8":{"Q":0.00391,"<":"game:menu"}," ":true}}},"+":{"0":1,"1":false,"2":false,"3":0,"4":null,"5":4,"6":null,"7":{}," ":true,",":"simple","-":1,".":1,"/":[1,1,1],"(":128562701,")":1,"*":[1000]}},"'":[],"___1":[27,0,3]},"! X":{"!":"Share Button"," ":true,"$":"! X","#":"! &","%":[],"&":{"9":{" ":true,":":["button"],";":{"P":{"8":{"Q":0.00391,"<":"game:share"}," ":true}}},"+":{"0":1,"1":false,"2":false,"3":0,"4":null,"5":4,"6":null,"7":{}," ":true,",":"simple","-":1,".":1,"/":[1,1,1],"(":128562704,")":1,"*":[1000]}},"'":[],"___1":[30,0,3]},"! (":{"!":"Scoreboard"," ":true,"$":"! (","#":"! &","%":["! 6","! )","! Z","! *"],"&":{"9":{" ":true,":":["scoreboard","tween"],";":{"!,":{"8":{}," ":true},"N":{"8":{"O":[{"=":false,"<":"ui:showscoreboard","B":"localPosition","C":[0,-1.7,0,0],"D":[0,0,0,0],"E":4,"F":1,"G":1250,">":500,"H":0,"I":0,"J":false,"?":"","@":"","K":"","L":"","M":""}]}," ":true}}},"+":{"0":1,"1":false,"2":false,"3":0,"4":null,"5":4,"6":null,"7":{}," ":true,",":"simple","-":1,".":1,"/":[1,1,1],"(":128562709,")":1,"*":[1000]}},"'":[],"___1":[78,0,3]},"! 6":{"!":"Medal"," ":false,"$":"! 6","#":"! (","%":["! ["],"&":{"+":{"0":1,"1":false,"2":false,"3":0,"4":null,"5":5,"6":null,"7":{}," ":true,",":"simple","-":1,".":1,"/":[1,1,1],"(":null,")":1,"*":[1000]}},"'":[],"___1":[81,0,3]},"! [":{"!":"Sparkle"," ":true,"$":"! [","#":"! 6","%":[],"&":{"9":{" ":true,":":["sparkle"],";":{"!-":{"8":{"j":0.1}," ":true}}},"+":{"0":1,"1":false,"2":false,"3":0,"4":null,"5":6,"6":"Sparkle","7":{"Z":{"!":"Sparkle","]":10,"A":true,"(":128562677}}," ":true,",":"animated","-":1,".":1,"/":[1,1,1],"(":128562677,")":1,"*":[1000]}},"'":[],"___2":0},"! )":{"!":"Current Score"," ":true,"$":"! )","#":"! (","%":["! 7","! 8","! 9","! :"],"&":{"9":{" ":true,":":["score"],";":{"^":{"8":{"!":"current","_":[128562665,128562671,128562686,128562672,128562691,128562708,128562668,128562688,128562669,128562670],"`":["! 7","! 8","! 9","! :"]}," ":true}}}},"'":[],"___1":[84,0,3]},"! 7":{"!":"Digit 0"," ":true,"$":"! 7","#":"! )","%":[],"&":{"+":{"0":1,"1":false,"2":false,"3":0,"4":null,"5":5,"6":null,"7":{}," ":true,",":"simple","-":1,".":1,"/":[1,1,1],"(":null,")":1,"*":[1000]}},"'":[],"___1":[15,0,3]},"! 8":{"!":"Digit 1"," ":true,"$":"! 8","#":"! )","%":[],"&":{"+":{"0":1,"1":false,"2":false,"3":0,"4":null,"5":5,"6":null,"7":{}," ":true,",":"simple","-":1,".":1,"/":[1,1,1],"(":null,")":1,"*":[1000]}},"'":[],"___1":[18,0,3]},"! 9":{"!":"Digit 2"," ":true,"$":"! 9","#":"! )","%":[],"&":{"+":{"0":1,"1":false,"2":false,"3":0,"4":null,"5":5,"6":null,"7":{}," ":true,",":"simple","-":1,".":1,"/":[1,1,1],"(":null,")":1,"*":[1000]}},"'":[],"___1":[21,0,3]},"! :":{"!":"Digit 3"," ":true,"$":"! :","#":"! )","%":[],"&":{"+":{"0":1,"1":false,"2":false,"3":0,"4":null,"5":5,"6":null,"7":{}," ":true,",":"simple","-":1,".":1,"/":[1,1,1],"(":null,")":1,"*":[1000]}},"'":[],"___2":0},"! Z":{"!":"New"," ":false,"$":"! Z","#":"! (","%":[],"&":{"+":{"0":1,"1":false,"2":false,"3":0,"4":null,"5":5,"6":null,"7":{}," ":true,",":"simple","-":1,".":1,"/":[1,1,1],"(":128562712,")":1,"*":[1000]}},"'":[],"___1":[87,0,3]},"! *":{"!":"Best Score"," ":true,"$":"! *","#":"! (","%":["! ;","! <","! =","! >"],"&":{"9":{" ":true,":":["score"],";":{"^":{"8":{"!":"best","_":[128562665,128562671,128562686,128562672,128562691,128562708,128562668,128562688,128562669,128562670],"`":["! ;","! <","! =","! >"]}," ":true}}}},"'":[],"___1":[90,0,3]},"! ;":{"!":"Digit 0"," ":true,"$":"! ;","#":"! *","%":[],"&":{"+":{"0":1,"1":false,"2":false,"3":0,"4":null,"5":5,"6":null,"7":{}," ":true,",":"simple","-":1,".":1,"/":[1,1,1],"(":null,")":1,"*":[1000]}},"'":[],"___1":[15,0,3]},"! <":{"!":"Digit 1"," ":true,"$":"! <","#":"! *","%":[],"&":{"+":{"0":1,"1":false,"2":false,"3":0,"4":null,"5":5,"6":null,"7":{}," ":true,",":"simple","-":1,".":1,"/":[1,1,1],"(":null,")":1,"*":[1000]}},"'":[],"___1":[18,0,3]},"! =":{"!":"Digit 2"," ":true,"$":"! =","#":"! *","%":[],"&":{"+":{"0":1,"1":false,"2":false,"3":0,"4":null,"5":5,"6":null,"7":{}," ":true,",":"simple","-":1,".":1,"/":[1,1,1],"(":null,")":1,"*":[1000]}},"'":[],"___1":[21,0,3]},"! >":{"!":"Digit 3"," ":true,"$":"! >","#":"! *","%":[],"&":{"+":{"0":1,"1":false,"2":false,"3":0,"4":null,"5":5,"6":null,"7":{}," ":true,",":"simple","-":1,".":1,"/":[1,1,1],"(":null,")":1,"*":[1000]}},"'":[],"___2":0},"! !":{"!":"Overlay"," ":true,"$":"! !","#":"! #","%":["! ]","! ^","! _","! `","! a","! b"],"&":{},"'":[],"___2":0},"! ]":{"!":"Left Border","'":[]," ":true,"$":"! ]","#":"! !","%":[],"&":{"+":{"0":1,"1":false,"2":false,"3":0,"4":null,"5":7,"6":null,"7":{}," ":true,",":"simple","-":1,".":1,"/":[1,1,1],"(":128562695,")":1,"*":[1000]}},"___1":[93,0,36]},"! ^":{"!":"Right Border","'":[]," ":true,"$":"! ^","#":"! !","%":[],"&":{"+":{"0":1,"1":false,"2":false,"3":0,"4":null,"5":7,"6":null,"7":{}," ":true,",":"simple","-":1,".":1,"/":[1,1,1],"(":128562695,")":1,"*":[1000]}},"___1":[96,0,36]},"! _":{"!":"Top  Border","'":[]," ":true,"$":"! _","#":"! !","%":[],"&":{"+":{"0":1,"1":false,"2":false,"3":0,"4":null,"5":7,"6":null,"7":{}," ":true,",":"simple","-":1,".":1,"/":[1,1,1],"(":128562695,")":1,"*":[1000]}},"___1":[99,0,6]},"! `":{"!":"Bottom Border","'":[]," ":true,"$":"! `","#":"! !","%":[],"&":{"+":{"0":1,"1":false,"2":false,"3":0,"4":null,"5":7,"6":null,"7":{}," ":true,",":"simple","-":1,".":1,"/":[1,1,1],"(":128562695,")":1,"*":[1000]}},"___1":[102,0,6]},"! a":{"!":"Black Screen","'":[]," ":true,"$":"! a","#":"! !","%":[],"&":{"9":{" ":true,":":["tween","enable"],";":{"N":{"8":{"O":[{"=":false,"<":"flash:black","B":"sprite.opacity","C":[0,0,0,0],"D":[1,0,0,0],"E":0,"F":0,"G":0,">":250,"H":1,"I":0,"J":true,"?":"enable:black","@":"","K":"","L":"disable:black","M":""}]}," ":true},"W":{"8":{"X":"enable:black","Y":"disable:black"}," ":true}}},"+":{"0":0,"1":false,"2":false,"3":0,"4":null,"5":7,"6":null,"7":{}," ":true,",":"simple","-":1,".":1,"/":[1,1,1],"(":128562695,")":1,"*":[1000]}},"___1":[0,0,6]},"! b":{"!":"White Screen","'":[]," ":true,"$":"! b","#":"! !","%":[],"&":{"9":{" ":true,":":["tween","enable"],";":{"N":{"8":{"O":[{"=":false,"<":"flash:white","B":"sprite.opacity","C":[1,0,0,0],"D":[0,0,0,0],"E":0,"F":1,"G":0,">":200,"H":0,"I":0,"J":false,"?":"enable:white","@":"","K":"","L":"disable:white","M":""}]}," ":true},"W":{"8":{"X":"enable:white","Y":"disable:white"}," ":true}}},"+":{"0":0,"1":false,"2":false,"3":0,"4":null,"5":7,"6":null,"7":{}," ":true,",":"simple","-":1,".":1,"/":[1,1,1],"(":128562716,")":1,"*":[1000]}},"___1":[0,0,6]},"! Y":{"!":"Leaderboard Button","'":[]," ":true,"$":"! Y","#":"! &","%":[],"&":{"9":{" ":true,":":["button"],";":{"P":{"8":{"Q":0.00391,"<":"game:addleaderboard"}," ":true}}},"+":{"0":1,"1":false,"2":false,"3":0,"4":null,"5":4,"6":null,"7":{}," ":true,",":"simple","-":1,".":1,"/":[1,1,1],"(":128562749,")":1,"*":[1000]}},"___1":[105,0,108]},"! @":{"!":"flappybird.ee","'":[]," ":true,"$":"! @","#":"! #","%":[],"&":{"+":{"0":1,"1":false,"2":false,"3":0,"4":null,"5":0,"6":null,"7":{}," ":true,",":"simple","-":1,".":1,"/":[1,1,1],"(":128635337,")":1,"*":[0]}},"___2":0},"! A":{"!":"flappybird.ee","'":[]," ":true,"$":"! A","#":"! #","%":[],"&":{"+":{"0":1,"1":false,"2":false,"3":0,"4":null,"5":0,"6":null,"7":{}," ":true,",":"simple","-":1,".":1,"/":[1,1,1],"(":128635337,")":1,"*":[0]}},"___2":0},"! E":{"!":"Logo","'":[]," ":true,"$":"! E","#":"!  ","%":[],"&":{"9":{" ":false,":":[],";":{}},"+":{"0":0.527,"1":false,"2":false,"3":0,"4":null,"5":3,"6":null,"7":{}," ":true,",":"simple","-":1,".":1,"/":[1,1,1],"(":128635340,")":1,"*":[1000]}},"___1":[24,0,111]},"! D":{"!":"Ground","'":[]," ":true,"$":"! D","#":"!  ","%":[],"&":{"9":{" ":false,":":[],";":{}},"+":{"0":0.411,"1":false,"2":false,"3":0,"4":null,"5":3,"6":null,"7":{}," ":true,",":"simple","-":1,".":1,"/":[1,1,1],"(":128635709,")":1,"*":[1000]}},"___1":[114,0,117]}},"checkpoint_id":"d8d3712d-97c0-4b5c-ac3b-a0c49b3e9f20","branch_id":"ea346935-ffa1-44a6-9014-cd640074f77b","id":1713706,"compressedFormat":{"fieldFirstCode":32,"fieldCodeBase":95,"fieldArray":["enabled","name",1,"parent","resource_id","children","components","tags","spriteAsset","speed","layers","sprite","type","width","height","color","opacity","flipX","flipY","frame","batchGroupId","drawOrder","autoPlayClip","clips","attributes","script","order","scripts","event","autoPlay","duration","startEvent","stopEvent","loop","path","start","end","easingFunction","easingType","delay","repeat","repeatDelay","yoyo","updateEvent","completeEvent","repeatEvent","tween","tweens","button","diplacement","volume","pitch","overlap","asset","startTime","enable","enableEvent","disableEvent","0","bird",1,"fps","score","numbers","display","template","labels","scroll","resetEvent","cycleEvent","startX","endX","frozen","addToScore","radius","1","2","3","4","5","camera","projection","farClip","rect","priority","fov","clearDepthBuffer","clearColor","orthoHeight","nearClip","clearColorBuffer","frustumCulling","cameraAspect","sound","positional","refDistance","maxDistance",1,"rollOffFactor","distanceModel","slots","game","input","pipeHeight","flapVelocity","gravity","lowestHeight","scoreboard","sparkle"],"singleVecs":[0,0,0,1,1,1,9,16,1,0,-0.9,0,0,0.9,0,-0.24,0,0,-0.16,0,0,-0.08,0,0,0,-1,0,-0.31,-0.583,0,0.31,-0.583,0,-0.53,0.84,0,18,16,1,0,0,1,1.7,0.1,0,-0.8,0,0,0.8,0,0,-0.3,0.16031,0,-0.1,0.35,0,0.52534,0.365,0,0.31,-0.41115,0,0,-0.84,0,0,0.86,0,0,0.47846,0,0,-0.10079,0,0,0.52194,0,0,-1.7,0,-0.325,-0.03,0,0.42,0.07,0,0.19,-0.035,0,0.42,-0.14,0,-2.16,0,0,2.16,0,0,0,2.56,0,0,-2.56,0,-0.005,-0.738,0,0.15,0.15,1,0.27,0.27,1,0,-0.925,0,0.45,0.45,1],"tripleVecs":[0,0,3]}}